ردیف,کالکشن,نام گیفت,شماره,تخفیف,کمیابی,لینک تلگرام,لینک MarketApp
1,B-Day Candle,B-Day Candle #63018,63018,-50.0%,معمولی,https://t.me/nft/BDayCandle-63018,https://marketapp.org/nft/EQBsQvgkLD4Agyi3_khx_S0cHVhK092DTkPiIJX-wxZxyb4p/?to=rent
2,Big Year,Big Year #15071,15071,-50.0%,معمولی,https://t.me/nft/BigYear-15071,https://marketapp.org/nft/EQCMKWUo2McqTvMzIj1wyisFH4wB-c7GHTwl5oQgUQGC65eq/?to=rent
3,Big Year,Big Year #25299,25299,-50.0%,معمولی,https://t.me/nft/BigYear-25299,https://marketapp.org/nft/EQCVf8oPqQi1YH0pBdt7ISE4KQQLnEI7L1Kxx6JE4SbTUTOT/?to=rent
4,Big Year,Big Year #25662,25662,-50.0%,معمولی,https://t.me/nft/BigYear-25662,https://marketapp.org/nft/EQD2zTDJ0Lcd-3M7tZIWQQNzukSIM0jBrMYLND2JeZG4nrNU/?to=rent
5,Big Year,Big Year #26056,26056,-50.0%,معمولی,https://t.me/nft/BigYear-26056,https://marketapp.org/nft/EQCPSbexX3PJJAA0_b4dBedO2QdHmQRE_Ndm4nai-ynSaJpi/?to=rent
6,Big Year,Big Year #29114,29114,-50.0%,معمولی,https://t.me/nft/BigYear-29114,https://marketapp.org/nft/EQCl5jUSm_raJC5IfYgYk5PYP5fYcCSuk2Zuh8CeGgQn8Ffs/?to=rent
7,Big Year,Big Year #32902,32902,-50.0%,معمولی,https://t.me/nft/BigYear-32902,https://marketapp.org/nft/EQDbP96I9gHREziacpgkNH24IXOEAp6u3htAHkitdtNXMonF/?to=rent
8,Big Year,Big Year #34195,34195,-50.0%,معمولی,https://t.me/nft/BigYear-34195,https://marketapp.org/nft/EQDmjqaMP-FcFCzH4wXekWYoSGehsxvybNJmrCj3M9DBEw7O/?to=rent
9,Big Year,Big Year #36215,36215,-50.0%,معمولی,https://t.me/nft/BigYear-36215,https://marketapp.org/nft/EQCxI-e1dgG22J6vDluV26rsUHMWsxavlGWvjJ4QXt7DaFUv/?to=rent
10,Big Year,Big Year #43055,43055,-50.0%,معمولی,https://t.me/nft/BigYear-43055,https://marketapp.org/nft/EQDiQU8l52fvaiaByEaOLwtWpVlrbCWwQouIKoK7IG3rIQN2/?to=rent
11,Big Year,Big Year #52075,52075,-50.0%,معمولی,https://t.me/nft/BigYear-52075,https://marketapp.org/nft/EQARyO3qnKgva86hV3cIbfma_MK139faCljK6Our0e1fJ3GN/?to=rent
12,Big Year,Big Year #59132,59132,-50.0%,معمولی,https://t.me/nft/BigYear-59132,https://marketapp.org/nft/EQCWcf8sHu_F1A7RUyglAHAkJkQ_VZ2gZ38Arf1_hFDKlBac/?to=rent
13,Big Year,Big Year #59418,59418,-50.0%,معمولی,https://t.me/nft/BigYear-59418,https://marketapp.org/nft/EQCvOpmqykVP1HwzJKfH3UpINFlf71aNABmqgbalo3h9WtMZ/?to=rent
14,Clover Pin,Clover Pin #86084,86084,-50.0%,معمولی,https://t.me/nft/CloverPin-86084,https://marketapp.org/nft/EQCII03ce7YSJ5MHEDauHFjuDm27ItckuSEhH49DH1PGqpYy/?to=rent
15,Clover Pin,Clover Pin #119494,119494,-50.0%,معمولی,https://t.me/nft/CloverPin-119494,https://marketapp.org/nft/EQCcqCxzkhNslBQJeabZsbWnw9uxykIZaiQ_WH8EcvqQx45M/?to=rent
16,Clover Pin,Clover Pin #138231,138231,-50.0%,معمولی,https://t.me/nft/CloverPin-138231,https://marketapp.org/nft/EQDlIxutLz_K_MCVtay9TZOV5BQ_t5B23hiP_p3UOuj6BKdD/?to=rent
17,Happy Brownie,Happy Brownie #102923,102923,-50.0%,معمولی,https://t.me/nft/HappyBrownie-102923,https://marketapp.org/nft/EQDvr594MShHMqqddiwHFxX1Rs4OFSe1WQb8LtRLNxvep5vz/?to=rent
18,Hex Pot,Hex Pot #15280,15280,-50.0%,معمولی,https://t.me/nft/HexPot-15280,https://marketapp.org/nft/EQBtO_bMJzNG6M4xI3qk71kN0ew0c8Zhez3G_u7086EZEEiV/?to=rent
19,Holiday Drink,Holiday Drink #40855,40855,-50.0%,معمولی,https://t.me/nft/HolidayDrink-40855,https://marketapp.org/nft/EQD8FJbDTIEyfnCgLXNjR9h38V4ycI7N02ZTF_b5HF37A5C5/?to=rent
20,Ice Cream,Ice Cream #9954,9954,-50.0%,معمولی,https://t.me/nft/IceCream-9954,https://marketapp.org/nft/EQCuYUsLgjzEiMbUpFppGS7iyyKc57Anva2UxlmYOgzDUsxE/?to=rent
21,Ice Cream,Ice Cream #11504,11504,-50.0%,معمولی,https://t.me/nft/IceCream-11504,https://marketapp.org/nft/EQAcWJqaghEdntA5qDwZBAkkhLx8-XAZHAxuD3g6BQPMa5sZ/?to=rent
22,Ice Cream,Ice Cream #64060,64060,-50.0%,معمولی,https://t.me/nft/IceCream-64060,https://marketapp.org/nft/EQBisSH9NBkNOqiKg5qcbvsmUfSh6i6_i1YFchgKrlnboKgF/?to=rent
23,Ice Cream,Ice Cream #64148,64148,-50.0%,معمولی,https://t.me/nft/IceCream-64148,https://marketapp.org/nft/EQB2N3ghrINPB4J7aO42KS96_rrVBoypXnvKm2TtqpE1Sk1V/?to=rent
24,Ice Cream,Ice Cream #64278,64278,-50.0%,معمولی,https://t.me/nft/IceCream-64278,https://marketapp.org/nft/EQB_4gpBQhaSTBg21ChDbtGqVDQQdR0OOvWfTTz0wIx5HcXo/?to=rent
25,Ice Cream,Ice Cream #79536,79536,-50.0%,معمولی,https://t.me/nft/IceCream-79536,https://marketapp.org/nft/EQBeQJ_5fUQ2TLFaoZtNeF7UmHjlHUqxjSK6giaIMx-O6sdj/?to=rent
26,Ice Cream,Ice Cream #125005,125005,-50.0%,معمولی,https://t.me/nft/IceCream-125005,https://marketapp.org/nft/EQBb7lFfD55_AYVS4V5rODAC6Nv77j24_3zipEbGvhztyN6E/?to=rent
27,Ice Cream,Ice Cream #126233,126233,-50.0%,معمولی,https://t.me/nft/IceCream-126233,https://marketapp.org/nft/EQDpZCXMuimppkXlELeb_rhnRbI04RuthtHkXFOLOBioxsiV/?to=rent
28,Ice Cream,Ice Cream #126676,126676,-50.0%,معمولی,https://t.me/nft/IceCream-126676,https://marketapp.org/nft/EQD6dGQE0Q1jXuOfdSp7Zia379aziqoEDkd7FD52Z9Mz-21V/?to=rent
29,Ice Cream,Ice Cream #173454,173454,-50.0%,معمولی,https://t.me/nft/IceCream-173454,https://marketapp.org/nft/EQBWB0ekdOrwYI1fQCRTbRwvTPv2DU7RmFTQeygAzwjfUC2o/?to=rent
30,Ice Cream,Ice Cream #177402,177402,-50.0%,معمولی,https://t.me/nft/IceCream-177402,https://marketapp.org/nft/EQBcsXuh9YXIBUZ36dMCtL1qjzhXJi_YbtoHH5OnQ3N2w_u8/?to=rent
31,Ice Cream,Ice Cream #177545,177545,-50.0%,معمولی,https://t.me/nft/IceCream-177545,https://marketapp.org/nft/EQDBd3QNrgZThNTXaMp8DI-XkimuI0fYvc5W811vvrlU-2YY/?to=rent
32,Ice Cream,Ice Cream #178827,178827,-50.0%,معمولی,https://t.me/nft/IceCream-178827,https://marketapp.org/nft/EQCOVIgfuNI6o7iBxnH9-b4RKp9OP5pazmUHTD_nV9tBVHb8/?to=rent
33,Ice Cream,Ice Cream #178883,178883,-50.0%,معمولی,https://t.me/nft/IceCream-178883,https://marketapp.org/nft/EQASfvPqWzwn9h9r99fF5E7oUly90brxdg5_PKsGZDhP8pg7/?to=rent
34,Ice Cream,Ice Cream #178947,178947,-50.0%,معمولی,https://t.me/nft/IceCream-178947,https://marketapp.org/nft/EQBFxcwzhPMj5Q3kw1vl5MWkBg2koYLTU7uJRYmhADlRPgmF/?to=rent
35,Ice Cream,Ice Cream #178990,178990,-50.0%,معمولی,https://t.me/nft/IceCream-178990,https://marketapp.org/nft/EQBn2JuAq-TpwyXcL-HOnRvYlJ4fJucu3ql5AtyotgBgYD_I/?to=rent
36,Ice Cream,Ice Cream #179033,179033,-50.0%,معمولی,https://t.me/nft/IceCream-179033,https://marketapp.org/nft/EQCS2An1HlpJ9OiCPGhn7f1-Paj97WP06Hj4x7xPeS5WboaM/?to=rent
37,Ice Cream,Ice Cream #179070,179070,-50.0%,معمولی,https://t.me/nft/IceCream-179070,https://marketapp.org/nft/EQC-OBolSjHfuq14OJUVfZESTZVvUkCTmQKuizRL48a_u4XB/?to=rent
38,Ice Cream,Ice Cream #179153,179153,-50.0%,معمولی,https://t.me/nft/IceCream-179153,https://marketapp.org/nft/EQDkP2GcyGctBJPpzrR1N_-CHp4ad_7LLCJElFA_e3PspxSk/?to=rent
39,Ice Cream,Ice Cream #179187,179187,-50.0%,معمولی,https://t.me/nft/IceCream-179187,https://marketapp.org/nft/EQDXJRd63vdGe7NENXzUyAfNmp1R2oR1WoCnwIFZ9YLbSZ1n/?to=rent
40,Ice Cream,Ice Cream #192236,192236,-50.0%,معمولی,https://t.me/nft/IceCream-192236,https://marketapp.org/nft/EQBxsaOaKoPH53l50ChR8d1NlKqYRUZutjbr7xOWIekmoIfU/?to=rent
41,Ice Cream,Ice Cream #202442,202442,-50.0%,معمولی,https://t.me/nft/IceCream-202442,https://marketapp.org/nft/EQBYm28gnXh8x3DBHXz12dv7Eiy7goVubpekLgtCM6V1R-Lq/?to=rent
42,Ice Cream,Ice Cream #202459,202459,-50.0%,معمولی,https://t.me/nft/IceCream-202459,https://marketapp.org/nft/EQC-QVQM3RB21f5KY_L35bx4BvJayfhRLEH2r1DQq9_MSvLq/?to=rent
43,Ice Cream,Ice Cream #210539,210539,-50.0%,معمولی,https://t.me/nft/IceCream-210539,https://marketapp.org/nft/EQDmt9PlLClRoQKpOOA8vrdCvjjJmS3ZTHIE7tAM5E1gS2dN/?to=rent
44,Ice Cream,Ice Cream #210576,210576,-50.0%,معمولی,https://t.me/nft/IceCream-210576,https://marketapp.org/nft/EQD1rkdXTtgSPId4-LhoPFb-Psk9eVnjHrxBYkIk-CIx5y7m/?to=rent
45,Ice Cream,Ice Cream #224465,224465,-50.0%,معمولی,https://t.me/nft/IceCream-224465,https://marketapp.org/nft/EQBsr8Pigj07G7PToBUtGUI5wCrnRNPCAu-6ZMFSTV9VGRAV/?to=rent
46,Ice Cream,Ice Cream #224477,224477,-50.0%,معمولی,https://t.me/nft/IceCream-224477,https://marketapp.org/nft/EQBO_wEZ4lIpN0UqAh5-kQ_6v7G_nLM_cwHMs46WSg3Jobfo/?to=rent
47,Ice Cream,Ice Cream #248262,248262,-50.0%,معمولی,https://t.me/nft/IceCream-248262,https://marketapp.org/nft/EQBrceg2uMEp_ZpvOPL2azcuWErc1ZEx6svcei2ycgajZc-N/?to=rent
48,Ice Cream,Ice Cream #248277,248277,-50.0%,معمولی,https://t.me/nft/IceCream-248277,https://marketapp.org/nft/EQD951KXgEl9NVZI6B31g1J-TGnA2OkWCO4UmQDMdCVKyrhA/?to=rent
49,Ice Cream,Ice Cream #259485,259485,-50.0%,معمولی,https://t.me/nft/IceCream-259485,https://marketapp.org/nft/EQC0H74zf94E2JqY6qRuK1grP8eU_eKTRnrnsGwdwqUhrxIx/?to=rent
50,Ice Cream,Ice Cream #259555,259555,-50.0%,معمولی,https://t.me/nft/IceCream-259555,https://marketapp.org/nft/EQANWt111wTj5KVvVg1wnk0t4rH_8F4Ti-yBcnJQEgIKAfd2/?to=rent
51,Ice Cream,Ice Cream #259558,259558,-50.0%,معمولی,https://t.me/nft/IceCream-259558,https://marketapp.org/nft/EQC-BRo_5gVbZ20MFGYxuwlqtRewX58Nfi4m2ZQkPllNUJ4u/?to=rent
52,Ice Cream,Ice Cream #259561,259561,-50.0%,معمولی,https://t.me/nft/IceCream-259561,https://marketapp.org/nft/EQCXaHoHiDFGqZunC2ApLHk76UU-VDXCao0xaSIWaieAgm7r/?to=rent
53,Ice Cream,Ice Cream #259565,259565,-50.0%,معمولی,https://t.me/nft/IceCream-259565,https://marketapp.org/nft/EQCMuENYSZ6c83WdGa509A_N_C71TUlRslwhVI5AOTQayRVL/?to=rent
54,Ice Cream,Ice Cream #259566,259566,-50.0%,معمولی,https://t.me/nft/IceCream-259566,https://marketapp.org/nft/EQBHBxS4Yph_zv6czW6E0abHWzieGpUIQOsVOkS8dIr1Cw-k/?to=rent
55,Ice Cream,Ice Cream #259573,259573,-50.0%,معمولی,https://t.me/nft/IceCream-259573,https://marketapp.org/nft/EQCMins1aJM69aMEx6jLMTLNHZUCxtCnoSNZC2iOQTL9MiR9/?to=rent
56,Ice Cream,Ice Cream #259585,259585,-50.0%,معمولی,https://t.me/nft/IceCream-259585,https://marketapp.org/nft/EQCayVa5t_-ZBmuuFnppWnPdDqVb2JRn6CgB_VRsX0QavZw_/?to=rent
57,Ice Cream,Ice Cream #259595,259595,-50.0%,معمولی,https://t.me/nft/IceCream-259595,https://marketapp.org/nft/EQCVjjpi9wTEIlZQO74VNcWB1kIxSrfOBJLqAtdbIQDew50k/?to=rent
58,Ice Cream,Ice Cream #259605,259605,-50.0%,معمولی,https://t.me/nft/IceCream-259605,https://marketapp.org/nft/EQCD6Q8tYnau8Bh4Wk4_xaVzWMxreSQd6hmd0Iq9PViARBvg/?to=rent
59,Ice Cream,Ice Cream #259617,259617,-50.0%,معمولی,https://t.me/nft/IceCream-259617,https://marketapp.org/nft/EQBTjx6d4XuOSDg0gmh6DMvoITqmWa5GuyUvrIigEsfuO6fJ/?to=rent
60,Ice Cream,Ice Cream #259621,259621,-50.0%,معمولی,https://t.me/nft/IceCream-259621,https://marketapp.org/nft/EQC4Gd-oapgNJDLHCYpvckL78BBq9vx0du9DFED9XoV_Kdlq/?to=rent
61,Ice Cream,Ice Cream #259649,259649,-50.0%,معمولی,https://t.me/nft/IceCream-259649,https://marketapp.org/nft/EQC31L4fTDDqMi_u_GgPsxR0Zh4w3nZiWXMcG0jv4KD4VC9C/?to=rent
62,Ice Cream,Ice Cream #259665,259665,-50.0%,معمولی,https://t.me/nft/IceCream-259665,https://marketapp.org/nft/EQDq2wPi1HhwDUn9kXadgeKZV2fsWtjwXtOJj1gXcx6ucQNB/?to=rent
63,Ice Cream,Ice Cream #259695,259695,-50.0%,معمولی,https://t.me/nft/IceCream-259695,https://marketapp.org/nft/EQASZKjtD9xP_Fb64b1VrFnJjF0NAqaoK_u18EUSuqIbuxld/?to=rent
64,Ice Cream,Ice Cream #259704,259704,-50.0%,معمولی,https://t.me/nft/IceCream-259704,https://marketapp.org/nft/EQAucJ_AeCoc4xSy8e7L6J5R5cuRnsN9QG7bqZb2qUCA-b8p/?to=rent
65,Ice Cream,Ice Cream #259717,259717,-50.0%,معمولی,https://t.me/nft/IceCream-259717,https://marketapp.org/nft/EQAcOtDQ7KlS9Tpk75paHz6O1lxooXzKYnDyZ9lAq3J8eZjj/?to=rent
66,Ice Cream,Ice Cream #259734,259734,-50.0%,معمولی,https://t.me/nft/IceCream-259734,https://marketapp.org/nft/EQCBP48KAKk6dsnQb7DbASN15GOwVebeewyNaNyel1DEgLo1/?to=rent
67,Ice Cream,Ice Cream #259750,259750,-50.0%,معمولی,https://t.me/nft/IceCream-259750,https://marketapp.org/nft/EQAPrrzi1yVVtXk7WfQ6m6uirTt6LsNLHbZ9p-T4x0ecqjra/?to=rent
68,Ice Cream,Ice Cream #259751,259751,-50.0%,معمولی,https://t.me/nft/IceCream-259751,https://marketapp.org/nft/EQALZWNVu0mKgUtBXxuAv80S2Rg_rExKpZe75A78yRp5j1-I/?to=rent
69,Ice Cream,Ice Cream #259757,259757,-50.0%,معمولی,https://t.me/nft/IceCream-259757,https://marketapp.org/nft/EQAG-ZnVhPQKEUhBIwcetE7mpCsALIxHFBXRDl4mxgu9sBtN/?to=rent
70,Ice Cream,Ice Cream #259763,259763,-50.0%,معمولی,https://t.me/nft/IceCream-259763,https://marketapp.org/nft/EQAfuFXPMj62vyInBzyIVIgHeHgZljZgUVsB5hMc_uWfPxN3/?to=rent
71,Ice Cream,Ice Cream #261139,261139,-50.0%,معمولی,https://t.me/nft/IceCream-261139,https://marketapp.org/nft/EQAyVStxbaVQ77USza7j3kwRgM2HD0cssUEqAWjJVv9wsh_n/?to=rent
72,Ice Cream,Ice Cream #261142,261142,-50.0%,معمولی,https://t.me/nft/IceCream-261142,https://marketapp.org/nft/EQAs4JyWUjLvvGGfoVkKVH5LfqP88GIKCopKTATZRChBU__l/?to=rent
73,Ice Cream,Ice Cream #261147,261147,-50.0%,معمولی,https://t.me/nft/IceCream-261147,https://marketapp.org/nft/EQAvphzSoqe3E7GitxFWadeaar0MNQPvSNEuwqVV-Awti9OV/?to=rent
74,Ice Cream,Ice Cream #261148,261148,-50.0%,معمولی,https://t.me/nft/IceCream-261148,https://marketapp.org/nft/EQCjT9OmEO3ipOfip2cpM64jlMGwyhucauaUVeBLF6XqY7yM/?to=rent
75,Ice Cream,Ice Cream #261954,261954,-50.0%,معمولی,https://t.me/nft/IceCream-261954,https://marketapp.org/nft/EQDRR9u9PX2XiF410ubsBsbuHX9lcVK3mzUDaA9vFJtB0ulk/?to=rent
76,Ice Cream,Ice Cream #280493,280493,-50.0%,معمولی,https://t.me/nft/IceCream-280493,https://marketapp.org/nft/EQCbqyvGSoEDSPlQAKjwXfhKFtJI2HlmKFo-eBKSMYJi4bDU/?to=rent
77,Ice Cream,Ice Cream #280494,280494,-50.0%,معمولی,https://t.me/nft/IceCream-280494,https://marketapp.org/nft/EQCsYbxlD1ApvM_-0yatfvsa09Gb4w_ggqS-Ce1eNw79GY2Z/?to=rent
78,Ice Cream,Ice Cream #280529,280529,-50.0%,معمولی,https://t.me/nft/IceCream-280529,https://marketapp.org/nft/EQBTsgSQyPaxQM0KYsGbML3HWuOUjldt3WoZFqt8NNQZQaBq/?to=rent
79,Ice Cream,Ice Cream #280530,280530,-50.0%,معمولی,https://t.me/nft/IceCream-280530,https://marketapp.org/nft/EQBrvYaEZIrPN6hOr6-kcwiI5Jv1i3AePGrqIJIvnqVmi-gG/?to=rent
80,Ice Cream,Ice Cream #280532,280532,-50.0%,معمولی,https://t.me/nft/IceCream-280532,https://marketapp.org/nft/EQDnISVrOsk44CX1LpiDX4hq24Nk7JvoG9C6mMpYt82U-87Z/?to=rent
81,Ice Cream,Ice Cream #280680,280680,-50.0%,معمولی,https://t.me/nft/IceCream-280680,https://marketapp.org/nft/EQAx4d4OZydI3k_ThKHP6JvtwI_Bf00hQiHpZYbflSCOUbpO/?to=rent
82,Ice Cream,Ice Cream #294402,294402,-50.0%,معمولی,https://t.me/nft/IceCream-294402,https://marketapp.org/nft/EQDsv5VWte264HYD3hKfJx0HMe2B9NNePP7G5ojhVs_dESZs/?to=rent
83,Ice Cream,Ice Cream #294405,294405,-50.0%,معمولی,https://t.me/nft/IceCream-294405,https://marketapp.org/nft/EQBWmMKOwD0rTsve6jE6G-tj6Y95okJTRDqNbSsq2sKjIOc0/?to=rent
84,Ice Cream,Ice Cream #294409,294409,-50.0%,معمولی,https://t.me/nft/IceCream-294409,https://marketapp.org/nft/EQBPGudnxZxm54OTO9CKXceeogiPF352EQw4eH4xYhKg7u8e/?to=rent
85,Ice Cream,Ice Cream #302720,302720,-50.0%,معمولی,https://t.me/nft/IceCream-302720,https://marketapp.org/nft/EQC8aHqRZDUMCFcPumIjoyd-KVwjVt7_2ePaV8w0dO7rT4wN/?to=rent
86,Ice Cream,Ice Cream #304606,304606,-50.0%,معمولی,https://t.me/nft/IceCream-304606,https://marketapp.org/nft/EQDHKp1j33gU-fKltQiE3uQlq78cEB6TSoBUri-df616jbMX/?to=rent
87,Ice Cream,Ice Cream #311983,311983,-50.0%,معمولی,https://t.me/nft/IceCream-311983,https://marketapp.org/nft/EQDNn1FBfry1L46oFFM_KXPsQlbstrBLpTy_6DmTwuiC2XZg/?to=rent
88,Instant Ramen,Instant Ramen #235380,235380,-50.0%,معمولی,https://t.me/nft/InstantRamen-235380,https://marketapp.org/nft/EQCbpDuSVzEy6GIk9ezO5P9P4-PEQ3UXJpbqekRqYNBBxZv9/?to=rent
89,Mood Pack,Mood Pack #22485,22485,-50.0%,معمولی,https://t.me/nft/MoodPack-22485,https://marketapp.org/nft/EQDvfcSJHB9o1XzcfwcIyMlhwVKAWJFQfCktDNUNsrQ_5MzE/?to=rent
90,Mood Pack,Mood Pack #76883,76883,-50.0%,معمولی,https://t.me/nft/MoodPack-76883,https://marketapp.org/nft/EQB6Asm6I7ARGaETGJg1YBSiLi8dCLxQ3vGDuFiZA5zBgKcZ/?to=rent
91,Mood Pack,Mood Pack #77099,77099,-50.0%,معمولی,https://t.me/nft/MoodPack-77099,https://marketapp.org/nft/EQBmRfm1FG5iJi5muRiFa6pVpx6yHpgLYOuRtDn6_9cnG2uz/?to=rent
92,Mood Pack,Mood Pack #90531,90531,-50.0%,معمولی,https://t.me/nft/MoodPack-90531,https://marketapp.org/nft/EQCTxfUhABtlpTKK4W7KTkN78Tgv7WmcBqxvtFQq70WOgoXh/?to=rent
93,Mood Pack,Mood Pack #94658,94658,-50.0%,معمولی,https://t.me/nft/MoodPack-94658,https://marketapp.org/nft/EQC4uJWqsZtE22fD36Sf3Y00OLKUlLr6oZ3ZXFAQbgJejgwd/?to=rent
94,Mood Pack,Mood Pack #94816,94816,-50.0%,معمولی,https://t.me/nft/MoodPack-94816,https://marketapp.org/nft/EQBtaqFLl4U9QAevgfBah84itvkM3ONN5ds_ygS764z2fuf1/?to=rent
95,Mood Pack,Mood Pack #102474,102474,-50.0%,معمولی,https://t.me/nft/MoodPack-102474,https://marketapp.org/nft/EQBQ3Bjexm6UP52CmFzqy1AEI4gq7LVfNYeeVrsaycC13Ufx/?to=rent
96,Mood Pack,Mood Pack #102484,102484,-50.0%,معمولی,https://t.me/nft/MoodPack-102484,https://marketapp.org/nft/EQCJnBOJlCy7bUP1Vw9_EuDHu8WJbCDzriJEohmNHuTEggNh/?to=rent
97,Mood Pack,Mood Pack #103188,103188,-50.0%,معمولی,https://t.me/nft/MoodPack-103188,https://marketapp.org/nft/EQCJJBtRqYGsLvyaKKjU9U-10PQ-68XhZZqaQPPPDSiCEbSg/?to=rent
98,Mood Pack,Mood Pack #103240,103240,-50.0%,معمولی,https://t.me/nft/MoodPack-103240,https://marketapp.org/nft/EQB2zEFgOgRZwOyIVjbfhvsoNNaYnpryFUNA9DNCVxEWnxMA/?to=rent
99,Restless Jar,Restless Jar #39067,39067,-50.0%,معمولی,https://t.me/nft/RestlessJar-39067,https://marketapp.org/nft/EQCS2xqUerSFnjiTHDORCroFpjJ9hqeuadHgwEu1Wk45mYUp/?to=rent
100,Restless Jar,Restless Jar #41380,41380,-50.0%,معمولی,https://t.me/nft/RestlessJar-41380,https://marketapp.org/nft/EQDcXPGFCB_x2jKSBsGr7t7ATCqP4Li5CylLqi9D7v4nkh1Z/?to=rent
101,Snoop Dogg,Snoop Dogg #522764,522764,-50.0%,معمولی,https://t.me/nft/SnoopDogg-522764,https://marketapp.org/nft/EQBydt_g86Z3FxJ8HRSGnc4NODc0C-hKDJ2wHBejb4ZxYxnr/?to=rent
102,Tama Gadget,Tama Gadget #39594,39594,-50.0%,معمولی,https://t.me/nft/TamaGadget-39594,https://marketapp.org/nft/EQCAr0ZfmawX-KJwgbpMZsBTsv5MiAvygr-vRjWc4_M-FWj3/?to=rent
103,Timeless Book,Timeless Book #52664,52664,-50.0%,معمولی,https://t.me/nft/TimelessBook-52664,https://marketapp.org/nft/EQAoHaud77_O3YQo6tTsm6Bge1ozpdoSabKFr7jlLkGEu5oy/?to=rent
104,Timeless Book,Timeless Book #53467,53467,-50.0%,معمولی,https://t.me/nft/TimelessBook-53467,https://marketapp.org/nft/EQDdLpYnCmj88ulYRa5NMn1vvwDeONW-iehbRb3JGez-ctnj/?to=rent
105,Timeless Book,Timeless Book #58208,58208,-50.0%,معمولی,https://t.me/nft/TimelessBook-58208,https://marketapp.org/nft/EQD16XvcIZ3UwXKMYApTqsPJer6EfRzAhFo2hamyf1uLCX2a/?to=rent
106,Timeless Book,Timeless Book #58213,58213,-50.0%,معمولی,https://t.me/nft/TimelessBook-58213,https://marketapp.org/nft/EQDTGzIb7nvhzif_Ft1ZV8-6e1L6KXyELECua1zwQK01MyuP/?to=rent
107,Vice Cream,Vice Cream #358800,358800,-50.0%,معمولی,https://t.me/nft/ViceCream-358800,https://marketapp.org/nft/EQCINQ8K5_XSOfMxfYYrzC6smvTOSTo9Sb6GqGLTbDJHk0rQ/?to=rent
108,Vice Cream,Vice Cream #358808,358808,-50.0%,معمولی,https://t.me/nft/ViceCream-358808,https://marketapp.org/nft/EQBac28VW3xMUbxT6Sw7jeGYPgucw-g1nbivROKtFVtUROM3/?to=rent
109,Vice Cream,Vice Cream #358810,358810,-50.0%,معمولی,https://t.me/nft/ViceCream-358810,https://marketapp.org/nft/EQAUbm6NlM3pY5KOloilN-3JzcovJ8iuiAMh1Yr35g3mr9ww/?to=rent
110,Vice Cream,Vice Cream #358813,358813,-50.0%,معمولی,https://t.me/nft/ViceCream-358813,https://marketapp.org/nft/EQDnDYIP-vB3S_LUuUQcYVnMZdBJ3DIqyH40rTClhI9YlP8_/?to=rent
111,Vice Cream,Vice Cream #358814,358814,-50.0%,معمولی,https://t.me/nft/ViceCream-358814,https://marketapp.org/nft/EQC2kFphIki1uB0-eTL9yZAw7O4UOpBDMG4_kfcdBdP8qRmp/?to=rent
112,Vice Cream,Vice Cream #358817,358817,-50.0%,معمولی,https://t.me/nft/ViceCream-358817,https://marketapp.org/nft/EQBJu3kXM6QN0FFBmyhBGlQ0jj8T0RqVMhCkl1QZz8LROSIc/?to=rent
113,Vice Cream,Vice Cream #358822,358822,-50.0%,معمولی,https://t.me/nft/ViceCream-358822,https://marketapp.org/nft/EQCLdjL9CI1UtmGLZnVO7uWuIzMOGJrgI3eRNGaSKt9DVdXc/?to=rent
114,Vice Cream,Vice Cream #358823,358823,-50.0%,معمولی,https://t.me/nft/ViceCream-358823,https://marketapp.org/nft/EQBaIdImucFBPzP72QONaxhrGtXTSA-ZEmYkX6YoY7nUc8Rz/?to=rent
115,Vice Cream,Vice Cream #358824,358824,-50.0%,معمولی,https://t.me/nft/ViceCream-358824,https://marketapp.org/nft/EQAL2XcKeiwBFBcf1L0-R8Jnvu_qPmea4mcRLyKT5W04JeU5/?to=rent
116,Vice Cream,Vice Cream #358828,358828,-50.0%,معمولی,https://t.me/nft/ViceCream-358828,https://marketapp.org/nft/EQBt1jpIfX9CvwGb7FyFXUNdikvLF6KwC2OjrfXxjcV3cBTO/?to=rent
117,Vice Cream,Vice Cream #358829,358829,-50.0%,معمولی,https://t.me/nft/ViceCream-358829,https://marketapp.org/nft/EQCE1cZOo_PKNXchfyr7xee5Nc8m58Ex_2Y6gBX7DAeIRjnW/?to=rent
118,Vice Cream,Vice Cream #358841,358841,-50.0%,معمولی,https://t.me/nft/ViceCream-358841,https://marketapp.org/nft/EQDC72fdC-Wn50BQEX8rEC5BEkFcW8M2mIrJsAO4DVWJNzlQ/?to=rent
119,Vice Cream,Vice Cream #358848,358848,-50.0%,معمولی,https://t.me/nft/ViceCream-358848,https://marketapp.org/nft/EQBjvmcya3C8s1lWdmnEUBYEZyZGNkjsoHr3kNJRF4gemPCm/?to=rent
120,Vice Cream,Vice Cream #358853,358853,-50.0%,معمولی,https://t.me/nft/ViceCream-358853,https://marketapp.org/nft/EQAfLuA1b_rJ7fi8uulr0KlR3K1vdxflj28yQ5PCgePr0fZw/?to=rent
121,Vice Cream,Vice Cream #358857,358857,-50.0%,معمولی,https://t.me/nft/ViceCream-358857,https://marketapp.org/nft/EQC9CstWykhNSB5IyA_-iIvAnaVjjZUtKX4aHQuK1pvNT2KG/?to=rent
122,Vice Cream,Vice Cream #358867,358867,-50.0%,معمولی,https://t.me/nft/ViceCream-358867,https://marketapp.org/nft/EQAScoud3s4WNvijVtEzU-kg9uv9D8MbAg03o19hpGFwKJRw/?to=rent
123,Vice Cream,Vice Cream #358869,358869,-50.0%,معمولی,https://t.me/nft/ViceCream-358869,https://marketapp.org/nft/EQAsGdetEh9rbOHfsqNcMSK8ruXyhzbchn7MSo0ZkkSkapeO/?to=rent
124,Vice Cream,Vice Cream #358878,358878,-50.0%,معمولی,https://t.me/nft/ViceCream-358878,https://marketapp.org/nft/EQAJ1llnx9QX6U3rgrXqLaYC-N32q733gof06qbPlt3hFVZJ/?to=rent
125,Vice Cream,Vice Cream #358896,358896,-50.0%,معمولی,https://t.me/nft/ViceCream-358896,https://marketapp.org/nft/EQBssiDKoQEsuc43G08LCHNswjp82h3fxdsmRL7nihk5HPQe/?to=rent
126,Vice Cream,Vice Cream #358899,358899,-50.0%,معمولی,https://t.me/nft/ViceCream-358899,https://marketapp.org/nft/EQAFgzljT0lP-rSZce5LjI7ZWA9v7MdHUY09cY4nNdC35qsk/?to=rent
127,Vice Cream,Vice Cream #358901,358901,-50.0%,معمولی,https://t.me/nft/ViceCream-358901,https://marketapp.org/nft/EQChbP6pEVswodprnvnq5WAm62YzQQD_oPM7OVXme63scMvF/?to=rent
128,Vice Cream,Vice Cream #358911,358911,-50.0%,معمولی,https://t.me/nft/ViceCream-358911,https://marketapp.org/nft/EQB6axyH-ENWyF8sxdbsYRZAyxfLQ9EKnbYx3VwznyKNmWXS/?to=rent
129,Vice Cream,Vice Cream #358913,358913,-50.0%,معمولی,https://t.me/nft/ViceCream-358913,https://marketapp.org/nft/EQCox9SgYuHKP7Bo0pj1hKkGgHGLoIBcpuIMn7Vk4EgS-rbr/?to=rent
130,Vice Cream,Vice Cream #358916,358916,-50.0%,معمولی,https://t.me/nft/ViceCream-358916,https://marketapp.org/nft/EQBUKUVKTpHbGS9K8uiR8tEeGelFTBSiOMAP6lH0kjRe9gMm/?to=rent
131,Vice Cream,Vice Cream #358919,358919,-50.0%,معمولی,https://t.me/nft/ViceCream-358919,https://marketapp.org/nft/EQAGB9KTAJH2itLdd8iXIsU_11d87-23yMQouKHuGdQlVl8a/?to=rent
132,Vice Cream,Vice Cream #358931,358931,-50.0%,معمولی,https://t.me/nft/ViceCream-358931,https://marketapp.org/nft/EQAFQireUmYLAL_xYkm_4X9x65rg0ZW6uWzd0MzxxqRfHlV_/?to=rent
133,Vice Cream,Vice Cream #358935,358935,-50.0%,معمولی,https://t.me/nft/ViceCream-358935,https://marketapp.org/nft/EQB2UWxM63c5p_8EHoeuYJR36XLDf9Obxf8VbkbXLQ9KlGFh/?to=rent
134,Vice Cream,Vice Cream #358936,358936,-50.0%,معمولی,https://t.me/nft/ViceCream-358936,https://marketapp.org/nft/EQB6WBFpYvenVRsKjdq1seyOQ2uO9XI8h4Fjy5F_hKlIjpsz/?to=rent
135,Vice Cream,Vice Cream #358949,358949,-50.0%,معمولی,https://t.me/nft/ViceCream-358949,https://marketapp.org/nft/EQAnd3WHSHayDVrYIRVS1dPjTKbRnfSggoTqmc4a5k36_oSL/?to=rent
136,Vice Cream,Vice Cream #358951,358951,-50.0%,معمولی,https://t.me/nft/ViceCream-358951,https://marketapp.org/nft/EQDY9Jtvgv5CDkazaAQta-oC_Jh4wygKl_vf4A9CTIlQCAj6/?to=rent
137,Vice Cream,Vice Cream #358954,358954,-50.0%,معمولی,https://t.me/nft/ViceCream-358954,https://marketapp.org/nft/EQBeneVb4iYjDTMS7zyzpY3zyjodIZLoqUBtSvCwR_Iv40vc/?to=rent
138,Vice Cream,Vice Cream #358955,358955,-50.0%,معمولی,https://t.me/nft/ViceCream-358955,https://marketapp.org/nft/EQBc1l2AD_Y1IpzmhfuxAG8aeHk13OLkFLRJp916TPV05Yct/?to=rent
139,Vice Cream,Vice Cream #358977,358977,-50.0%,معمولی,https://t.me/nft/ViceCream-358977,https://marketapp.org/nft/EQCSv4P5Tcaz4AqkKFdG4mcWo2L-EUeqBgX2ybdjx8SojWrC/?to=rent
140,Vice Cream,Vice Cream #358980,358980,-50.0%,معمولی,https://t.me/nft/ViceCream-358980,https://marketapp.org/nft/EQB3goneBEd05E9TpI5Cs3O-LpXorbodmElQgsFIWhF_uWna/?to=rent
141,Vice Cream,Vice Cream #358991,358991,-50.0%,معمولی,https://t.me/nft/ViceCream-358991,https://marketapp.org/nft/EQBfAdNhWM6W85gSGpOoQ9j-oQ3G_TT_t7bb4HlkP0ZfuGPV/?to=rent
142,Vice Cream,Vice Cream #358994,358994,-50.0%,معمولی,https://t.me/nft/ViceCream-358994,https://marketapp.org/nft/EQCtIHfV8yTs_oERBSZ7ZThEjL-AO9TM4MHJzvupIFns2wLP/?to=rent
143,Vice Cream,Vice Cream #359000,359000,-50.0%,معمولی,https://t.me/nft/ViceCream-359000,https://marketapp.org/nft/EQBtCw1wdKESgs8zxdBNMBUULF1WAdyssU9t-dsK-Nu9HqOj/?to=rent
144,Vice Cream,Vice Cream #359004,359004,-50.0%,معمولی,https://t.me/nft/ViceCream-359004,https://marketapp.org/nft/EQBXq7UmYQR03Yl663_aMapWsR0Ce9vaAV0Wav_dJ_DUUwH4/?to=rent
145,Vice Cream,Vice Cream #359005,359005,-50.0%,معمولی,https://t.me/nft/ViceCream-359005,https://marketapp.org/nft/EQCY_982NgMIMwBpu_pnDUiaU0xhulmuj2HZpdo5KfuohQsA/?to=rent
146,Vice Cream,Vice Cream #359008,359008,-50.0%,معمولی,https://t.me/nft/ViceCream-359008,https://marketapp.org/nft/EQD___WHdYfBxMWO8Qtnsb_9FfSoTuL1ZNY1p5m4ARqKBXQH/?to=rent
147,Vice Cream,Vice Cream #359010,359010,-50.0%,معمولی,https://t.me/nft/ViceCream-359010,https://marketapp.org/nft/EQALwm3Gylhmt5pkTUGPLaLySK4I3HdvFe_6JDQcHnOTd93S/?to=rent
148,Vice Cream,Vice Cream #359015,359015,-50.0%,معمولی,https://t.me/nft/ViceCream-359015,https://marketapp.org/nft/EQBRqjt6myrMBxfdpjHqMuE_pVEsoDeIKO_0GAb7yGS_i-m_/?to=rent
149,Vice Cream,Vice Cream #359019,359019,-50.0%,معمولی,https://t.me/nft/ViceCream-359019,https://marketapp.org/nft/EQAG4kl-U0Bc7K_lnStdJMCA9MHcBnOLu7J8QkTTkNizRaAL/?to=rent
150,Vice Cream,Vice Cream #359023,359023,-50.0%,معمولی,https://t.me/nft/ViceCream-359023,https://marketapp.org/nft/EQD8iYCAy9NCxX2s0bEfi2y_-eALV714U9bht--a9gNDdSNb/?to=rent
151,Vice Cream,Vice Cream #359027,359027,-50.0%,معمولی,https://t.me/nft/ViceCream-359027,https://marketapp.org/nft/EQB83qghj1x-6RrS5XTEn0vf_gVmpeMKRgW-oR1TVAQpVDet/?to=rent
152,Vice Cream,Vice Cream #359029,359029,-50.0%,معمولی,https://t.me/nft/ViceCream-359029,https://marketapp.org/nft/EQB5I9HeJlO-8sbgc0DcVuXwODzY5BhmRB4jSiMzyggU2LZ_/?to=rent
153,Vice Cream,Vice Cream #359045,359045,-50.0%,معمولی,https://t.me/nft/ViceCream-359045,https://marketapp.org/nft/EQBrwqOYuXVtp8CW-2nYd9Xxp_o12QXlpORdHQOjSzAXMWo2/?to=rent
154,Vice Cream,Vice Cream #359047,359047,-50.0%,معمولی,https://t.me/nft/ViceCream-359047,https://marketapp.org/nft/EQALHbpWjj16aUINd18nkXoglnkfUmBwYRY-RHBTUyIUeauf/?to=rent
155,Vice Cream,Vice Cream #359049,359049,-50.0%,معمولی,https://t.me/nft/ViceCream-359049,https://marketapp.org/nft/EQArCn7Gj4V7wXKbs_FZtu6YDpVctZpHGVMco0qXG6NyDyGT/?to=rent
156,Vice Cream,Vice Cream #359053,359053,-50.0%,معمولی,https://t.me/nft/ViceCream-359053,https://marketapp.org/nft/EQAW_q1BDaP9GoN0IxTofUePKOwlWHaoiaaFhTNwXmclPD35/?to=rent
157,Vice Cream,Vice Cream #359059,359059,-50.0%,معمولی,https://t.me/nft/ViceCream-359059,https://marketapp.org/nft/EQB6y2jmHUygun2x1VuOFleh8il9p2pODspZd-AjPJhsmY31/?to=rent
158,Vice Cream,Vice Cream #359060,359060,-50.0%,معمولی,https://t.me/nft/ViceCream-359060,https://marketapp.org/nft/EQAk-we-EApToTpoP6ybq6feKbT-DbOcS6Yzk5DqHEAY5hem/?to=rent
159,Vice Cream,Vice Cream #359065,359065,-50.0%,معمولی,https://t.me/nft/ViceCream-359065,https://marketapp.org/nft/EQAV4qJExLTHDqA03mgeHYi0UVhxbfcwfJhfZuPGRhzFsWTm/?to=rent
160,Vice Cream,Vice Cream #359067,359067,-50.0%,معمولی,https://t.me/nft/ViceCream-359067,https://marketapp.org/nft/EQBotLsKQWLX3OQHVOst_OOnI8xTCWkVhflxHTcjVBjfRIR-/?to=rent
161,Vice Cream,Vice Cream #359096,359096,-50.0%,معمولی,https://t.me/nft/ViceCream-359096,https://marketapp.org/nft/EQBVXxSs89hiSGXfSa6iweounbs_EVPNU0cgxxlAIcwqaajm/?to=rent
162,Vice Cream,Vice Cream #359108,359108,-50.0%,معمولی,https://t.me/nft/ViceCream-359108,https://marketapp.org/nft/EQBSvEoKdUvCzGhjNLGixe7LaoO-XCM2myyA37nUDvNwEiWA/?to=rent
163,Vice Cream,Vice Cream #359129,359129,-50.0%,معمولی,https://t.me/nft/ViceCream-359129,https://marketapp.org/nft/EQDIOwynczBKa7BaJ52RoaZafiS_MqyF0zL8lfy35TCfB37a/?to=rent
164,Vice Cream,Vice Cream #359131,359131,-50.0%,معمولی,https://t.me/nft/ViceCream-359131,https://marketapp.org/nft/EQD_DSIb_IeFrjJmEIwzRc59JIdncHV_uFeGGx31fT1KvSZh/?to=rent
165,Vice Cream,Vice Cream #359158,359158,-50.0%,معمولی,https://t.me/nft/ViceCream-359158,https://marketapp.org/nft/EQANONfGnkv4ikSLdQUsXW6DdQYPmAAVHpOolHenOuQw5RoY/?to=rent
166,Vice Cream,Vice Cream #359159,359159,-50.0%,معمولی,https://t.me/nft/ViceCream-359159,https://marketapp.org/nft/EQCWfmGHPJHp5T1cxKqYXUDU1zOQkcus8YTORTCXk1cjSeDW/?to=rent
167,Vice Cream,Vice Cream #359161,359161,-50.0%,معمولی,https://t.me/nft/ViceCream-359161,https://marketapp.org/nft/EQDC8tLHNQS2zUFC-h17Z4RjZUSOGMXcDzkImHNCYc3o0sCu/?to=rent
168,Vice Cream,Vice Cream #359168,359168,-50.0%,معمولی,https://t.me/nft/ViceCream-359168,https://marketapp.org/nft/EQCLwQdGQKsnAbLK9fZP517OFB2ejhWENQLwXxzO40AU0T7H/?to=rent
169,Vice Cream,Vice Cream #359177,359177,-50.0%,معمولی,https://t.me/nft/ViceCream-359177,https://marketapp.org/nft/EQAtnVd0jZDfLh5qrLeRI4q7ri3pbGelYeTrV2201SZ7Nbxr/?to=rent
170,Vice Cream,Vice Cream #359185,359185,-50.0%,معمولی,https://t.me/nft/ViceCream-359185,https://marketapp.org/nft/EQDbkgSQ2JKS8W647fDbSVEQYUTMyWw96T2Ja5a61ubgqaYg/?to=rent
171,Vice Cream,Vice Cream #359187,359187,-50.0%,معمولی,https://t.me/nft/ViceCream-359187,https://marketapp.org/nft/EQDbG7kLM3OOrXaVB3CUFj-X-VqbUljGB5vV3d42VcWJTlsw/?to=rent
172,Vice Cream,Vice Cream #359191,359191,-50.0%,معمولی,https://t.me/nft/ViceCream-359191,https://marketapp.org/nft/EQDKfQipWzCbOJPKVu_YRxCPhS7KyFSMqUK0vSVpp9DCQ1rh/?to=rent
173,Vice Cream,Vice Cream #359207,359207,-50.0%,معمولی,https://t.me/nft/ViceCream-359207,https://marketapp.org/nft/EQDbBhaDw-9lQqTabrlWDKeMYa70MTm72gxk-780f5MJ3u8_/?to=rent
174,Vice Cream,Vice Cream #359209,359209,-50.0%,معمولی,https://t.me/nft/ViceCream-359209,https://marketapp.org/nft/EQCiEk_BwPaxilaz9G7bUqadUauZti4BbU5m-bnsFgmbflWp/?to=rent
175,Vice Cream,Vice Cream #359210,359210,-50.0%,معمولی,https://t.me/nft/ViceCream-359210,https://marketapp.org/nft/EQAgYYH--2ZCopQwZcW03N89nCCXeDuHVrO1ga1MpNxFFdme/?to=rent
176,Vice Cream,Vice Cream #359214,359214,-50.0%,معمولی,https://t.me/nft/ViceCream-359214,https://marketapp.org/nft/EQAovxIKrz_7PEQHXLaoCakj_kFkn-R8tLlM1QoagkAjWeNC/?to=rent
177,Vice Cream,Vice Cream #359224,359224,-50.0%,معمولی,https://t.me/nft/ViceCream-359224,https://marketapp.org/nft/EQBH2aC__4Rmz2R3ZySjoLmHsmWzj9A6lTepXxhqzePnqAVl/?to=rent
178,Vice Cream,Vice Cream #359228,359228,-50.0%,معمولی,https://t.me/nft/ViceCream-359228,https://marketapp.org/nft/EQDlwDqkFzb6tsbbSP5E9DHUetF1-gBF6iJwHspmnKM3zz56/?to=rent
179,Vice Cream,Vice Cream #359234,359234,-50.0%,معمولی,https://t.me/nft/ViceCream-359234,https://marketapp.org/nft/EQDPP0PLJEAbulQBRArygAC04_PlzmcgdvSSBJak3h-BEQSV/?to=rent
180,Vice Cream,Vice Cream #359247,359247,-50.0%,معمولی,https://t.me/nft/ViceCream-359247,https://marketapp.org/nft/EQCgE_SD0j9gY4e7j3ajv4vQw50Oapwo3c1QUTP1GzMhF2ct/?to=rent
181,Vice Cream,Vice Cream #359258,359258,-50.0%,معمولی,https://t.me/nft/ViceCream-359258,https://marketapp.org/nft/EQDFWFarh1dX4RhG-D580oymKZxCculGDPWeNm1T5M_Vzal4/?to=rent
182,Vice Cream,Vice Cream #359261,359261,-50.0%,معمولی,https://t.me/nft/ViceCream-359261,https://marketapp.org/nft/EQCGrBAGLb4NH-VRvIqcT1ccKVdTpd429gqFH3PDWdx8uorM/?to=rent
183,Vice Cream,Vice Cream #359273,359273,-50.0%,معمولی,https://t.me/nft/ViceCream-359273,https://marketapp.org/nft/EQCr6y3aYOT7u7agNwwluMRw1yVPk8tQ-Jaf3nob_1qBPiIG/?to=rent
184,Vice Cream,Vice Cream #359284,359284,-50.0%,معمولی,https://t.me/nft/ViceCream-359284,https://marketapp.org/nft/EQD9LOtGaFTxXo8-fAwnBPDTRwXT2dm-zAmiCor1fUiXsce5/?to=rent
185,Vice Cream,Vice Cream #359293,359293,-50.0%,معمولی,https://t.me/nft/ViceCream-359293,https://marketapp.org/nft/EQDEm8HwXj2k872CDk0Als64IF2wqQpqL-wmKZTbDkHUYYHh/?to=rent
186,Vice Cream,Vice Cream #359294,359294,-50.0%,معمولی,https://t.me/nft/ViceCream-359294,https://marketapp.org/nft/EQCsm1XLgINd9Da5fQqTmOXa-usmjJybWSKu_KJI6D6XvQ0r/?to=rent
187,Vice Cream,Vice Cream #359298,359298,-50.0%,معمولی,https://t.me/nft/ViceCream-359298,https://marketapp.org/nft/EQDMsGPjS65_PZRaV0KnM3j3GXIsteILuxD_3F2wQnlR-SB-/?to=rent
188,Vice Cream,Vice Cream #359306,359306,-50.0%,معمولی,https://t.me/nft/ViceCream-359306,https://marketapp.org/nft/EQCUWyk0pFrbcTGBNrIjBgKBkCo2BwjXPwLCQXunvbjdKUo8/?to=rent
189,Vice Cream,Vice Cream #359310,359310,-50.0%,معمولی,https://t.me/nft/ViceCream-359310,https://marketapp.org/nft/EQDKIa1Waj_DUa5BsmMt7kfe3dDI2NXZu76Vzelq_dmbKk82/?to=rent
190,Vice Cream,Vice Cream #359311,359311,-50.0%,معمولی,https://t.me/nft/ViceCream-359311,https://marketapp.org/nft/EQB5dGSAkRHGcadn30f05NAY7Od0r03qJCSoSzxMDDeljXND/?to=rent
191,Vice Cream,Vice Cream #359325,359325,-50.0%,معمولی,https://t.me/nft/ViceCream-359325,https://marketapp.org/nft/EQAUPFkR-RXYUcoE2-aaulCWDtcLgc2d9Seky-G4TtwbBpOf/?to=rent
192,Vice Cream,Vice Cream #359326,359326,-50.0%,معمولی,https://t.me/nft/ViceCream-359326,https://marketapp.org/nft/EQDbDQaF1f6P4UFpXXEry9706T09vuIO57jBCGvKH6r7u5AB/?to=rent
193,Vice Cream,Vice Cream #359341,359341,-50.0%,معمولی,https://t.me/nft/ViceCream-359341,https://marketapp.org/nft/EQBEqgLdEiWI5JjWihkvV7QWE3KwQ857zAWX0qFkc5rhDwjG/?to=rent
194,Vice Cream,Vice Cream #359362,359362,-50.0%,معمولی,https://t.me/nft/ViceCream-359362,https://marketapp.org/nft/EQBb5EC8WyB-IQ7jNjCUE779pq4Hy_tdMIx-cYkcyBxVV8Dg/?to=rent
195,Vice Cream,Vice Cream #359366,359366,-50.0%,معمولی,https://t.me/nft/ViceCream-359366,https://marketapp.org/nft/EQD1ke5D-Z9aqS4g_Rd6Xx2Z3yKK_e3b9W8Ci-YWTUh_D_Jd/?to=rent
196,Vice Cream,Vice Cream #359369,359369,-50.0%,معمولی,https://t.me/nft/ViceCream-359369,https://marketapp.org/nft/EQCoO-WSR_GBHdNOrj6_UF7Psya2fHl4yNLJG_-jGwna1wLS/?to=rent
197,Vice Cream,Vice Cream #359379,359379,-50.0%,معمولی,https://t.me/nft/ViceCream-359379,https://marketapp.org/nft/EQBAmEqCN3m98H84_jF9w_xv8xErGhoMXmTlRCkto7x96jix/?to=rent
198,Vice Cream,Vice Cream #359386,359386,-50.0%,معمولی,https://t.me/nft/ViceCream-359386,https://marketapp.org/nft/EQDHAgZ6I2aNsZSgwrZ7EvOVrL4h2RMv0MLfBcAkH9IrxZgv/?to=rent
199,Vice Cream,Vice Cream #359393,359393,-50.0%,معمولی,https://t.me/nft/ViceCream-359393,https://marketapp.org/nft/EQDPd1mFMJp8bcdwmjmI4ZvvLvNAr_TpvXhTmwFTrvQ0xqBY/?to=rent
200,Victory Medal,Victory Medal #4490,4490,-50.0%,معمولی,https://t.me/nft/VictoryMedal-4490,https://marketapp.org/nft/EQADl9Ge5tCAAM5NfsqNZxjswnUNcE-UbGUruMtERCADof4z/?to=rent
